,Course,Number,"Type of
mark",Mean,SD,"Max.
mark","P
99","P
90","P
75","P
50","P
25"
0,Aboriginal Studies,827,HSC,35.3,8.4,49.5,49.0,45.0,41.5,36.5,30.0
1,Aboriginal Studies,,scaled,14.8,12.4,44.3,42.6,33.8,23.6,11.0,4.0
2,Agriculture,"1,509",HSC,36.7,6.7,50.0,48.0,45.5,41.5,37.5,32.0
3,Agriculture,,scaled,19.1,11.1,45.2,41.6,35.4,27.8,18.7,9.6
4,Ancient History,"7,495",HSC,36.4,7.1,50.0,47.5,44.5,41.5,37.5,32.0
5,Ancient History,,scaled,22.4,11.0,48.8,44.4,37.4,30.9,22.5,13.7
6,Biology,"20,710",HSC,36.7,6.3,49.5,47.0,44.0,41.5,37.5,33.0
7,Biology,,scaled,26.2,10.5,50.0,45.3,39.9,34.8,26.7,18.0
8,Business Studies,"20,452",HSC,37.4,6.0,49.5,48.0,45.0,42.0,37.5,33.0
9,Business Studies,,scaled,23.9,11.0,50.0,45.6,39.2,32.6,23.4,15.1
10,Chemistry,"10,369",HSC,37.6,5.8,49.0,47.5,45.0,42.0,38.0,34.0
11,Chemistry,,scaled,32.0,9.9,50.0,47.6,43.6,39.8,33.9,25.8
12,Community & Family Studies,"9,838",HSC,37.2,5.1,48.5,46.5,43.5,41.0,37.5,34.0
13,Community & Family Studies,,scaled,18.5,10.5,44.0,40.4,33.3,26.7,17.8,9.7
14,Dance,845,HSC,41.7,4.2,50.0,49.0,47.0,44.5,42.5,39.0
15,Dance,,scaled,23.9,11.2,46.6,44.4,39.6,32.5,24.3,15.2
16,Design & Technology,"4,124",HSC,39.4,4.5,49.5,48.0,45.0,42.5,39.5,36.5
17,Design & Technology,,scaled,23.1,10.2,47.8,45.1,37.1,30.8,22.7,15.1
18,Drama,"3,191",HSC,40.8,4.9,50.0,49.0,47.0,44.5,41.0,37.5
19,Drama,,scaled,24.0,11.6,50.0,47.2,40.7,33.0,23.4,14.6
20,Earth & Environmental Science,"2,678",HSC,37.3,6.0,50.0,47.5,44.0,41.5,38.0,33.5
21,Earth & Environmental Science,,scaled,22.8,10.9,48.3,43.4,37.1,31.5,23.2,13.9
22,Economics,"5,741",HSC,39.0,5.8,50.0,48.0,45.5,43.5,40.0,35.5
23,Economics,,scaled,31.4,9.9,50.0,47.1,43.0,38.9,33.0,25.0
24,Engineering Studies,"2,558",HSC,36.8,5.6,49.5,47.5,44.5,40.5,37.0,33.5
25,Engineering Studies,,scaled,26.2,10.0,49.5,45.9,39.6,33.6,26.4,18.6
26,English Studies Exam,"2,717",HSC,29.4,5.2,46.5,38.0,35.0,33.0,30.0,26.5
27,English Studies Exam,,scaled,9.0,5.8,44.7,25.0,16.4,12.9,8.3,3.6
28,English Standard,"33,651",HSC,36.0,3.7,49.0,44.0,40.0,38.5,36.5,34.0
29,English Standard,,scaled,20.4,8.2,49.3,39.7,31.5,26.1,20.0,14.5
30,English Advanced,"26,292",HSC,41.1,3.3,49.5,47.5,45.5,43.5,41.0,39.0
31,English Advanced,,scaled,32.8,8.0,50.0,46.9,42.6,38.9,33.7,27.7
32,English EAL/D,"1,504",HSC,35.4,6.1,49.5,47.0,43.0,39.5,35.5,32.0
33,English EAL/D,,scaled,21.3,11.3,48.6,45.3,37.6,30.3,20.0,12.1
34,English Extension 1,"3,691",HSC,42.8,4.5,50.0,49.0,47.0,46.0,44.0,41.0
35,English Extension 1,,scaled,36.1,6.7,50.0,48.3,43.9,40.9,36.9,32.2
36,English Extension 2,"1,423",HSC,41.5,5.3,50.0,49.0,48.0,46.0,42.0,38.0
37,English Extension 2,,scaled,35.8,6.6,50.0,48.1,44.0,40.5,36.5,31.9
38,Food Technology,"4,187",HSC,36.8,5.8,49.5,48.0,44.5,41.0,37.0,32.5
39,Food Technology,,scaled,18.9,11.3,45.9,43.3,35.6,27.3,17.6,9.3
40,Geography,"4,419",HSC,38.0,6.0,49.5,48.0,45.5,42.5,38.5,34.0
41,Geography,,scaled,25.2,11.4,50.0,47.3,40.5,34.1,25.4,16.5
42,Industrial Technology,"5,999",HSC,35.6,5.8,50.0,48.0,44.0,39.5,35.5,31.5
43,Industrial Technology,,scaled,17.7,10.2,42.3,39.6,32.7,25.4,16.6,9.1
44,Information Processes & Technology,"1,808",HSC,36.1,6.1,48.0,46.5,43.5,40.0,37.0,32.5
45,Information Processes & Technology,,scaled,22.4,10.8,48.0,44.5,37.4,30.6,21.9,14.0
46,Investigating Science,"3,292",HSC,37.8,5.3,49.0,47.0,44.5,41.5,38.0,34.0
47,Investigating Science,,scaled,20.5,10.9,46.9,42.8,35.5,28.9,20.0,11.5
48,Legal Studies,"10,080",HSC,37.8,6.6,49.5,48.0,45.5,43.0,39.0,33.0
49,Legal Studies,,scaled,25.3,11.2,50.0,45.7,39.9,34.4,25.9,16.5
50,Mathematics Standard 1 Exam,"3,737",HSC,35.5,5.5,49.0,47.0,42.0,39.0,35.5,32.5
51,Mathematics Standard 1 Exam,,scaled,13.9,9.0,36.0,34.7,27.7,20.2,12.5,6.6
52,Mathematics Standard 2,"31,762",HSC,36.0,6.6,49.5,47.5,44.5,40.5,36.5,32.0
53,Mathematics Standard 2,,scaled,23.3,10.2,47.1,42.9,37.3,31.5,23.2,15.1
54,Mathematics Advanced,"16,809",HSC,39.6,6.1,50.0,49.0,47.0,44.5,40.0,36.0
55,Mathematics Advanced,,scaled,31.9,9.4,50.0,47.5,42.9,38.9,33.2,25.9
56,Mathematics Extension 1,"9,279",HSC,39.7,8.0,50.0,49.5,48.0,46.0,42.0,35.0
57,Mathematics Extension 1,,scaled,39.7,7.5,50.0,49.5,47.2,44.9,41.5,36.6
58,Mathematics Extension 2,"3,844",HSC,41.5,6.3,50.0,49.5,48.0,46.5,43.5,37.5
59,Mathematics Extension 2,,scaled,43.4,5.3,50.0,49.6,48.3,46.9,44.7,41.5
60,Modern History,"10,953",HSC,37.1,6.5,49.5,47.5,45.0,41.5,38.0,33.5
61,Modern History,,scaled,25.0,11.1,50.0,46.0,39.2,33.7,25.8,16.6
62,History Extension,"1,777",HSC,40.5,5.2,49.0,48.0,47.0,45.0,41.0,37.0
63,History Extension,,scaled,32.7,7.7,50.0,47.0,42.7,38.1,32.9,27.6
64,Music 1,"4,681",HSC,40.9,5.1,49.5,48.5,46.5,44.5,42.0,38.5
65,Music 1,,scaled,20.8,11.0,46.7,43.8,36.4,29.0,20.4,12.0
66,Music 2,762,HSC,43.7,3.2,50.0,49.5,48.0,46.0,44.0,41.0
67,Music 2,,scaled,34.1,8.5,50.0,48.7,44.9,40.8,35.1,27.6
68,Music Extension,447,HSC,46.2,4.1,50.0,50.0,50.0,49.0,47.0,45.0
69,Music Extension,,scaled,35.9,10.3,50.0,50.0,49.6,45.2,36.3,29.4
70,PDH&PE,"17,852",HSC,37.3,5.5,49.0,47.0,44.5,41.5,37.5,33.5
71,PDH&PE,,scaled,22.8,10.8,48.6,43.5,37.3,31.3,22.8,14.2
72,Physics,"8,817",HSC,37.0,6.4,49.0,47.5,45.5,42.0,37.5,32.0
73,Physics,,scaled,31.0,9.9,50.0,47.2,43.0,38.8,32.2,24.0
74,Science Extension,855,HSC,37.6,5.0,49.0,47.0,44.0,41.0,38.0,35.0
75,Science Extension,,scaled,32.0,7.2,49.3,46.4,41.0,37.1,32.5,27.2
76,Society & Culture,"4,957",HSC,38.9,5.2,49.5,48.0,45.5,42.5,39.5,36.0
77,Society & Culture,,scaled,23.1,10.7,48.2,44.9,37.7,31.3,23.1,14.7
78,Software Design & Development,"1,806",HSC,37.4,6.6,49.5,48.5,46.0,42.0,38.0,33.5
79,Software Design & Development,,scaled,26.8,11.0,50.0,46.8,41.4,35.4,27.5,18.6
80,Studies of Religion I,"8,169",HSC,38.8,5.4,50.0,48.0,46.0,43.0,39.0,35.0
81,Studies of Religion I,,scaled,27.7,9.3,48.8,45.2,39.9,34.8,28.1,20.8
82,Studies of Religion II,"6,731",HSC,38.9,5.4,49.5,48.0,45.0,43.0,39.5,36.0
83,Studies of Religion II,,scaled,27.3,10.3,50.0,46.0,40.5,35.4,28.1,19.7
84,Textiles & Design,"1,482",HSC,38.9,5.6,49.0,48.0,46.0,43.5,39.5,35.0
85,Textiles & Design,,scaled,22.8,11.2,48.5,45.6,38.3,31.5,22.4,13.8
86,Visual Arts,"9,047",HSC,40.9,3.9,50.0,48.0,45.5,44.0,41.5,38.5
87,Visual Arts,,scaled,21.7,11.2,48.7,45.3,37.4,30.1,21.1,12.6
88,Arabic Continuers,232,HSC,40.6,5.0,49.0,48.0,46.0,44.0,41.0,38.5
89,Arabic Continuers,,scaled,17.5,11.3,44.9,42.6,34.4,25.0,15.5,8.8
90,Arabic Extension,53,HSC,42.9,3.7,49.0,49.0,47.0,46.0,43.0,41.0
91,Arabic Extension,,scaled,25.7,6.8,41.6,41.6,33.7,32.1,25.3,21.3
92,Armenian Continuers,20,HSC,40.5,3.7,46.5,,,,,
93,Armenian Continuers,,scaled,29.4,12.0,50.0,,,,,
94,Chinese Beginners,56,HSC,39.3,8.7,49.5,49.5,48.5,47.5,42.0,32.0
95,Chinese Beginners,,scaled,23.8,12.2,48.1,48.1,39.0,34.7,23.3,14.2
96,Chinese Continuers,334,HSC,43.5,5.0,49.5,49.5,48.5,47.5,45.5,40.5
97,Chinese Continuers,,scaled,32.8,9.6,50.0,48.6,43.5,40.2,35.0,26.0
98,Chinese Extension,106,HSC,44.6,3.5,49.0,49.0,48.0,47.0,46.0,43.0
99,Chinese Extension,,scaled,37.3,5.4,50.0,48.3,44.4,41.2,37.5,33.6
100,Chinese & Literature,305,HSC,42.2,3.3,48.5,47.5,46.0,44.5,42.5,40.5
101,Chinese & Literature,,scaled,24.0,10.6,49.2,45.5,38.6,31.7,24.0,15.5
102,Chinese in Context,110,HSC,45.2,2.9,49.5,49.5,48.0,47.0,45.5,44.5
103,Chinese in Context,,scaled,31.5,9.7,50.0,49.3,42.7,38.5,31.9,25.9
104,Classical Hebrew Continuers,19,HSC,43.1,4.9,48.0,,,,,
105,Classical Hebrew Continuers,,scaled,34.1,9.3,49.0,,,,,
106,Filipino Continuers,10,HSC,44.6,2.8,47.5,,,,,
107,Filipino Continuers,,scaled,20.9,12.4,39.7,,,,,
108,French Beginners,341,HSC,38.2,7.0,48.5,48.0,46.5,44.0,39.0,34.5
109,French Beginners,,scaled,24.7,11.0,49.2,47.0,40.1,33.2,24.0,16.8
110,French Continuers,520,HSC,41.2,4.6,49.5,49.0,47.0,45.0,41.5,38.0
111,French Continuers,,scaled,34.4,8.0,50.0,48.0,44.2,40.5,35.4,29.7
112,French Extension,104,HSC,40.3,4.7,48.0,48.0,46.0,44.0,40.0,37.0
113,French Extension,,scaled,38.9,6.2,50.0,50.0,47.0,43.3,38.5,34.5
114,German Beginners,102,HSC,41.1,5.1,50.0,49.5,48.0,45.5,41.0,37.5
115,German Beginners,,scaled,29.2,9.9,50.0,49.2,42.5,35.9,29.0,21.9
116,German Continuers,173,HSC,41.1,4.8,49.5,49.0,47.5,45.5,41.0,38.0
117,German Continuers,,scaled,33.7,9.0,50.0,48.9,45.1,41.1,34.2,28.5
118,German Extension,55,HSC,44.7,3.6,50.0,50.0,49.0,48.0,45.0,43.0
119,German Extension,,scaled,38.4,6.9,50.0,50.0,46.7,44.7,37.9,34.9
120,Hindi Continuers,32,HSC,42.2,4.4,46.5,,,,,
121,Hindi Continuers,,scaled,23.9,13.5,50.0,,,,,
122,Indonesian Beginners,27,HSC,41.5,4.6,49.0,,,,,
123,Indonesian Beginners,,scaled,26.0,11.4,50.0,,,,,
124,Indonesian Continuers,50,HSC,43.9,4.4,49.0,49.0,48.5,47.0,45.0,42.0
125,Indonesian Continuers,,scaled,30.9,10.2,50.0,50.0,46.3,36.9,29.9,23.8
126,Indonesian Extension,14,HSC,40.2,7.1,47.0,,,,,
127,Indonesian Extension,,scaled,32.8,11.7,50.0,,,,,
128,Italian Beginners,294,HSC,38.8,7.2,50.0,49.5,47.5,45.0,39.5,33.5
129,Italian Beginners,,scaled,28.3,10.5,50.0,48.1,41.9,36.4,28.9,19.9
130,Italian Continuers,191,HSC,41.7,4.7,49.0,49.0,47.0,44.5,43.0,39.0
131,Italian Continuers,,scaled,32.2,9.9,50.0,49.6,45.0,38.8,33.9,24.9
132,Italian Extension,48,HSC,44.1,3.2,49.0,49.0,48.0,46.0,45.0,41.0
133,Italian Extension,,scaled,39.5,4.6,50.0,50.0,47.1,41.4,39.3,36.0
134,Japanese Beginners,357,HSC,35.6,8.8,49.5,47.5,45.5,42.5,37.0,31.0
135,Japanese Beginners,,scaled,24.1,11.7,48.8,44.2,40.1,33.5,24.8,14.9
136,Japanese Continuers,794,HSC,39.7,6.2,50.0,49.0,47.0,44.5,40.5,36.0
137,Japanese Continuers,,scaled,30.8,9.6,50.0,47.6,42.4,38.1,32.1,25.1
138,Japanese Extension,134,HSC,43.6,4.1,49.0,49.0,48.0,47.0,45.0,42.0
139,Japanese Extension,,scaled,38.0,5.2,50.0,48.3,45.0,41.2,38.0,34.7
140,Japanese in Context,44,HSC,43.3,3.1,47.5,47.5,46.0,45.5,44.0,41.5
141,Japanese in Context,,scaled,26.8,10.9,50.0,50.0,39.2,36.4,27.1,17.5
142,Khmer Continuers,12,HSC,43.3,1.7,46.5,,,,,
143,Khmer Continuers,,scaled,15.0,8.6,34.1,,,,,
144,Korean Beginners,110,HSC,41.4,5.6,49.5,49.5,48.0,46.0,41.5,38.0
145,Korean Beginners,,scaled,27.7,11.1,49.2,49.0,42.8,36.1,26.1,19.8
146,Korean Continuers,84,HSC,43.5,4.9,49.0,49.0,47.5,46.5,45.5,41.5
147,Korean Continuers,,scaled,27.2,10.7,48.6,48.6,39.4,34.1,28.0,20.5
148,Korean & Literature,30,HSC,42.3,3.6,49.5,,,,,
149,Korean & Literature,,scaled,25.6,10.4,50.0,,,,,
150,Korean in Context,51,HSC,44.2,4.3,49.0,49.0,48.0,47.0,46.0,43.0
151,Korean in Context,,scaled,29.3,9.8,49.5,49.5,41.7,36.0,30.9,23.4
152,Latin Continuers,140,HSC,44.1,4.4,50.0,49.5,48.5,47.5,45.5,42.0
153,Latin Continuers,,scaled,40.5,7.3,50.0,49.0,47.7,46.1,42.6,37.3
154,Latin Extension,80,HSC,46.0,4.2,50.0,50.0,49.0,49.0,47.0,45.0
155,Latin Extension,,scaled,42.3,6.4,50.0,50.0,48.4,47.0,43.7,39.4
156,Macedonian Continuers,16,HSC,37.1,6.8,48.0,,,,,
157,Macedonian Continuers,,scaled,21.8,11.3,47.2,,,,,
158,Modern Greek Beginners,102,HSC,43.0,6.0,50.0,50.0,49.0,48.0,44.5,40.0
159,Modern Greek Beginners,,scaled,26.0,10.5,47.0,45.2,39.0,34.8,25.5,18.7
160,Modern Greek Continuers,55,HSC,42.6,5.9,49.5,49.5,49.0,47.5,43.5,38.5
161,Modern Greek Continuers,,scaled,25.2,13.9,50.0,50.0,45.6,35.3,21.4,13.9
162,Modern Greek Extension,23,HSC,43.5,3.3,50.0,,,,,
163,Modern Greek Extension,,scaled,34.9,4.7,49.7,,,,,
164,Modern Hebrew Continuers,31,HSC,46.5,3.2,50.0,,,,,
165,Modern Hebrew Continuers,,scaled,30.8,10.9,50.0,,,,,
166,Persian Continuers,24,HSC,44.1,3.3,49.0,,,,,
167,Persian Continuers,,scaled,22.4,6.7,37.3,,,,,
168,Polish Continuers,15,HSC,45.8,2.7,50.0,,,,,
169,Polish Continuers,,scaled,30.2,10.0,50.0,,,,,
170,Portuguese Continuers,14,HSC,40.8,5.3,46.5,,,,,
171,Portuguese Continuers,,scaled,28.0,11.6,46.4,,,,,
172,Punjabi Continuers,19,HSC,40.4,2.9,46.0,,,,,
173,Punjabi Continuers,,scaled,27.8,10.0,48.9,,,,,
174,Russian Continuers,28,HSC,44.3,3.1,48.0,,,,,
175,Russian Continuers,,scaled,25.9,11.8,50.0,,,,,
176,Serbian Continuers,22,HSC,44.1,4.1,49.0,,,,,
177,Serbian Continuers,,scaled,23.9,8.8,42.1,,,,,
178,Spanish Beginners,286,HSC,40.3,6.3,49.5,49.0,48.0,45.5,41.5,36.0
179,Spanish Beginners,,scaled,25.7,12.2,50.0,47.9,42.3,35.5,26.0,16.6
180,Spanish Continuers,180,HSC,40.6,5.1,49.0,49.0,47.0,44.5,41.5,36.5
181,Spanish Continuers,,scaled,26.6,9.8,47.4,46.8,39.0,33.3,28.0,19.8
182,Spanish Extension,57,HSC,44.3,3.4,49.0,49.0,48.0,47.0,45.0,42.0
183,Spanish Extension,,scaled,32.4,5.8,47.2,47.2,40.3,36.5,31.6,28.0
184,Turkish Continuers,41,HSC,42.3,4.3,49.0,49.0,47.5,46.5,42.0,39.5
185,Turkish Continuers,,scaled,22.4,13.4,50.0,50.0,41.1,33.6,18.0,13.5
186,Vietnamese Continuers,218,HSC,39.8,3.5,47.5,46.5,43.5,42.5,40.0,37.5
187,Vietnamese Continuers,,scaled,17.9,9.5,41.1,40.3,30.7,25.1,16.3,10.2
188,Automotive Exam,264,HSC,37.3,4.6,47.5,47.0,43.5,41.0,37.0,33.5
189,Automotive Exam,,scaled,14.1,9.8,38.2,37.7,28.8,21.2,11.5,5.7
190,Business Services Exam,"1,515",HSC,36.8,5.2,50.0,46.5,43.0,40.5,37.0,33.5
191,Business Services Exam,,scaled,18.7,9.8,42.4,39.1,32.9,26.1,17.8,10.8
192,Construction Exam,"1,951",HSC,38.0,5.5,48.0,47.0,44.0,42.0,39.0,35.0
193,Construction Exam,,scaled,16.5,10.3,41.4,39.5,31.4,24.7,15.0,8.3
194,Electrotechnology Exam,328,HSC,36.1,4.6,46.5,45.0,42.5,39.5,36.5,32.5
195,Electrotechnology Exam,,scaled,17.6,9.1,39.5,36.7,31.1,24.0,17.2,9.5
196,Entertainment Industry Exam,979,HSC,39.0,4.6,48.0,47.5,45.0,43.0,39.0,36.0
197,Entertainment Industry Exam,,scaled,20.8,9.9,44.3,43.5,34.4,28.6,19.9,13.2
198,Financial Services Exam,101,HSC,36.8,4.4,45.5,45.5,43.0,40.5,36.5,34.0
199,Financial Services Exam,,scaled,24.6,9.7,46.6,46.6,39.2,32.0,22.9,17.5
200,Hospitality Exam,"5,642",HSC,37.7,4.8,48.5,46.5,43.5,41.0,38.0,34.5
201,Hospitality Exam,,scaled,18.7,10.2,43.6,41.2,33.6,25.9,17.5,10.1
202,Human Services Exam,790,HSC,36.5,4.1,47.5,46.5,42.5,39.0,36.0,33.5
203,Human Services Exam,,scaled,18.7,9.0,40.6,39.1,32.1,25.1,18.1,11.5
204,Information & Digital Technology Exam,383,HSC,36.3,4.9,46.0,44.0,41.5,39.5,37.0,34.0
205,Information & Digital Technology Exam,,scaled,19.2,9.8,43.1,40.6,33.7,26.7,18.8,11.7
206,Primary Industries Exam,663,HSC,37.3,3.9,48.5,45.5,42.5,40.0,37.5,35.0
207,Primary Industries Exam,,scaled,16.2,9.1,38.7,36.2,29.9,23.5,15.2,8.7
208,Retail Services Exam,909,HSC,35.5,4.6,47.5,46.0,41.5,38.0,35.5,33.0
209,Retail Services Exam,,scaled,16.1,10.2,41.0,39.3,31.9,22.9,14.7,7.4
210,"Tourism, Travel & Events Exam",94,HSC,37.9,3.7,45.5,45.5,42.5,40.5,38.0,36.0
211,"Tourism, Travel & Events Exam",,scaled,20.4,9.6,43.1,43.1,34.4,26.4,19.4,13.9
214,Enterprise Computing,"1,869",HSC,37.0,5.3,49.5,46.5,43.5,40.5,37.5,34.0
215,Enterprise Computing,,scaled,23.8,10.9,50.0,46.1,39.1,31.7,23.7,15.6
216,Software Engineering,"1,768",HSC,37.6,5.6,49.0,48.0,44.5,41.5,38.0,34.5
217,Software Engineering,,scaled,26.7,10.3,50.0,47.3,40.5,34.6,27.2,19.0
